event_id,quote_id,client_id,client_name,standard,iaf_code,start_date,end_date,days,auditor_id,status,stage
E00001,Q0001,C002,Acme Medical,ISO 22000,37,2025-12-09,2025-12-10,2,A006,Assigned,Recertification
E00002,Q0002,C013,Blue Sun Packaging,ISO 13485,07,2025-10-31,2025-11-01,2,A012,Assigned,Surveillance 1
E00003,Q0003,C050,Hooli Packaging,ISO 22000,24,2025-12-29,2025-12-30,2,A013,Assigned,Initial - Stage 2
E00004,Q0004,C021,Soylent Energy,ISO 27001,30,2025-10-11,2025-10-11,1,A022,Assigned,Initial - Stage 1
E00005,Q0008,C021,Soylent Energy,ISO 27001,30,2025-11-28,2025-11-29,2,A019,Assigned,Recertification
E00006,Q0011,C068,Cyberdyne Packaging,ISO 13485,19,2025-09-21,2025-09-23,3,A024,Assigned,Recertification
E00007,Q0013,C003,Stark Plastics,ISO 14001,35,2025-11-19,2025-11-22,4,A022,Assigned,Recertification
E00008,Q0014,C041,Globex Plastics,ISO 27001,12,2025-11-22,2025-11-23,2,A015,Assigned,Initial - Stage 2
E00009,Q0017,C057,Umbrella Tech,ISO 13485,35,2025-12-09,2025-12-09,1,A014,Assigned,Initial - Stage 1
E00010,Q0022,C028,Acme Medical,ISO 27001,12,2025-12-20,2025-12-21,2,A015,Assigned,Surveillance 2
E00011,Q0023,C048,Wonka Medical,ISO 45001,24,2025-12-13,2025-12-14,2,,Unassigned,Surveillance 1
E00012,Q0028,C030,Wonka Medical,ISO 22000,12,2025-11-10,2025-11-13,4,A010,Assigned,Initial - Stage 2
E00013,Q0029,C055,Wayne Logistics,ISO 27001,24,2025-10-26,2025-10-26,1,A019,Assigned,Initial - Stage 1
E00014,Q0030,C028,Acme Medical,ISO 27001,12,2025-12-27,2025-12-30,4,A015,Assigned,Recertification
E00015,Q0031,C027,Gringotts Services,ISO 22000,09,2025-11-24,2025-11-25,2,A002,Assigned,Surveillance 1
E00016,Q0032,C076,Stark Foods,ISO 14001,37,2025-09-23,2025-09-26,4,A007,Assigned,Recertification
E00017,Q0033,C065,Hooli Pharma,ISO 22000,33,2025-09-18,2025-09-19,2,A018,Assigned,Surveillance 2
E00018,Q0034,C068,Cyberdyne Packaging,ISO 13485,19,2025-11-21,2025-11-21,1,A024,Assigned,Initial - Stage 1
E00019,Q0035,C063,Monarch Pharma,ISO 22000,01,2025-11-16,2025-11-16,1,A010,Assigned,Surveillance 2
E00020,Q0036,C068,Cyberdyne Packaging,ISO 13485,19,2025-12-14,2025-12-14,1,A008,Assigned,Surveillance 1
E00021,Q0037,C060,Pied Piper Aerospace,ISO 13485,34,2025-10-20,2025-10-21,2,,Unassigned,Surveillance 1
E00022,Q0044,C066,Umbrella Aerospace,ISO 27001,24,2025-09-14,2025-09-15,2,A020,Assigned,Recertification
E00023,Q0046,C045,Umbrella Packaging,ISO 14001,37,2025-11-06,2025-11-07,2,A007,Assigned,Initial - Stage 1
E00024,Q0047,C024,Dunder Mifflin Pharma,ISO 45001,22,2025-11-15,2025-11-16,2,A003,Assigned,Surveillance 2
E00025,Q0049,C012,Acme Energy,ISO 27001,21,2025-11-21,2025-11-22,2,,Unassigned,Surveillance 2
E00026,Q0050,C017,Cyberdyne Foods,ISO 45001,39,2025-11-07,2025-11-07,1,,Unassigned,Initial - Stage 1
E00027,Q0054,C017,Cyberdyne Foods,ISO 45001,39,2025-09-30,2025-10-02,3,A017,Assigned,Initial - Stage 2
E00028,Q0055,C045,Umbrella Packaging,ISO 14001,37,2025-11-27,2025-11-28,2,A006,Assigned,Initial - Stage 1
E00029,Q0059,C022,Wonka Logistics,ISO 45001,31,2025-10-20,2025-10-21,2,,Unassigned,Initial - Stage 2
E00030,Q0060,C032,Cyberdyne Energy,ISO 14001,33,2025-12-07,2025-12-08,2,A016,Assigned,Surveillance 2
E00031,Q0061,C026,Tyrell Medical,ISO 45001,09,2025-10-11,2025-10-14,4,A016,Assigned,Recertification
E00032,Q0062,C062,Initech Aerospace,ISO 45001,37,2025-10-23,2025-10-25,3,,Unassigned,Initial - Stage 2
E00033,Q0063,C054,Hooli Automotive,ISO 22000,34,2025-10-03,2025-10-03,1,A022,Assigned,Surveillance 1
E00034,Q0064,C061,Globex Tech,ISO 13485,03,2025-09-20,2025-09-22,3,A008,Assigned,Recertification
E00035,Q0065,C054,Hooli Automotive,ISO 22000,34,2025-11-26,2025-11-26,1,A009,Assigned,Initial - Stage 1
E00036,Q0067,C016,Umbrella Packaging,ISO 14001,09,2025-09-17,2025-09-18,2,A016,Assigned,Surveillance 1
E00037,Q0070,C027,Gringotts Services,ISO 22000,09,2025-11-02,2025-11-03,2,A002,Assigned,Surveillance 1
E00038,Q0073,C006,Massive Dynamic Packaging,ISO 27001,12,2025-10-11,2025-10-12,2,,Unassigned,Initial - Stage 1
E00039,Q0075,C078,Aperture Packaging,ISO 14001,03,2025-11-01,2025-11-02,2,A004,Assigned,Surveillance 1
E00040,Q0076,C007,Acme Manufacturing,ISO 27001,12,2025-10-05,2025-10-07,3,A004,Assigned,Initial - Stage 1
E00041,Q0078,C023,Blue Sun Aerospace,ISO 45001,37,2025-11-11,2025-11-12,2,,Unassigned,Surveillance 2
E00042,Q0079,C032,Cyberdyne Energy,ISO 14001,33,2025-10-03,2025-10-04,2,A001,Assigned,Initial - Stage 1
E00043,Q0083,C079,Wayne Medical,ISO 14001,14,2025-10-08,2025-10-11,4,A020,Assigned,Recertification
E00044,Q0085,C062,Initech Aerospace,ISO 45001,37,2025-11-26,2025-11-27,2,,Unassigned,Surveillance 1
E00045,Q0087,C053,Massive Dynamic Automotive,ISO 9001,18,2025-12-05,2025-12-05,1,A005,Assigned,Surveillance 1
E00046,Q0088,C063,Monarch Pharma,ISO 22000,01,2025-11-11,2025-11-11,1,A004,Assigned,Surveillance 1
E00047,Q0090,C029,Blue Sun Manufacturing,ISO 22000,17,2025-11-22,2025-11-22,1,A013,Assigned,Surveillance 1
E00048,Q0095,C021,Soylent Energy,ISO 27001,30,2025-12-28,2025-12-28,1,A022,Assigned,Surveillance 1
E00049,Q0096,C077,Cyberdyne Foods,ISO 27001,30,2025-10-10,2025-10-11,2,,Unassigned,Surveillance 2
E00050,Q0098,C046,Blue Sun Services,ISO 45001,17,2025-12-11,2025-12-12,2,A023,Assigned,Recertification
E00051,Q0099,C080,Cyberdyne Plastics,ISO 14001,14,2025-11-03,2025-11-05,3,A007,Assigned,Recertification
E00052,Q0100,C013,Blue Sun Packaging,ISO 13485,07,2025-10-03,2025-10-05,3,A005,Assigned,Initial - Stage 2
E00053,Q0102,C053,Massive Dynamic Automotive,ISO 9001,18,2025-09-21,2025-09-23,3,A005,Assigned,Initial - Stage 2
E00054,Q0110,C038,Stark Packaging,ISO 9001,39,2025-10-13,2025-10-14,2,A018,Assigned,Initial - Stage 2
E00055,Q0112,C016,Umbrella Packaging,ISO 14001,09,2025-12-28,2025-12-29,2,A016,Assigned,Surveillance 1
E00056,Q0118,C041,Globex Plastics,ISO 27001,12,2025-10-28,2025-10-29,2,A004,Assigned,Surveillance 1
